[{
  "_id": {
    "$oid": "638b3ec9979879d01f71d496"
  },
  "order_id": "order_123",
  "name": "Deepakkumar",
  "mobile": {
    "$numberLong": "9874563214"
  },
  "email": "deepak@gmail.com",
  "order_list": [
    {
      "name": "menu-food-1",
      "prices": 499
    },
    {
      "name": "menu-food-2",
      "prices": 49
    }
  ],
  "payment_id": "pay_123",
  "payment_status": true,
  "__v": 0
},{
  "_id": {
    "$oid": "638b3ecf979879d01f71d498"
  },
  "order_id": "order_123",
  "name": "Deepakkumar",
  "mobile": {
    "$numberLong": "9874563214"
  },
  "email": "deepak@gmail.com",
  "order_list": [
    {
      "name": "menu-food-1",
      "prices": 499
    },
    {
      "name": "menu-food-2",
      "prices": 49
    }
  ],
  "payment_id": "pay_123",
  "payment_status": true,
  "__v": 0
},{
  "_id": {
    "$oid": "638b3ed4979879d01f71d49a"
  },
  "order_id": "order_123",
  "name": "Deepakkumar",
  "mobile": {
    "$numberLong": "9874563214"
  },
  "email": "deepak@gmail.com",
  "order_list": [
    {
      "name": "menu-food-1",
      "prices": 499
    },
    {
      "name": "menu-food-2",
      "prices": 49
    }
  ],
  "payment_id": "pay_123",
  "payment_status": true,
  "__v": 0
},{
  "_id": {
    "$oid": "638b3f18c205ad274215ebf5"
  },
  "order_id": "order_123",
  "name": "Deepakkumar",
  "mobile": {
    "$numberLong": "9874563214"
  },
  "email": "deepak@gmail.com",
  "order_list": [
    {
      "name": "menu-food-1",
      "prices": 499
    },
    {
      "name": "menu-food-2",
      "prices": 49
    }
  ],
  "payment_id": "pay_123",
  "payment_status": true,
  "__v": 0
}]