[{
  "id": 1,
  "title": "The Shawshank Redemption",
  "year": 1994,
  "genre": "Drama",
  "rating": 9.3,
  "poster_url": "https://upload.wikimedia.org/wikipedia/en/thumb/8/83/The_Shawshank_Redemption_movie_poster.jpg/220px-The_Shawshank_Redemption_movie_poster.jpg",
  "description": "Andy Dufresne, a banker who is sentenced to life in Shawshank State Penitentiary for the murders of his wife and her lover, never gives up hope of being exonerated.",
  "actors": ["Tim Robbins", "Morgan Freeman", "Bob Gunton"],
  "directors": ["Frank Darabont"]
},
{
    "id": 2,
    "title": "The Godfather",
    "year": 1972,
    "genre": "Crime",
    "rating": 9.2,
    "poster_url": "https://upload.wikimedia.org/wikipedia/en/thumb/1/1c/Godfather_ver1.jpg/220px-Godfather_ver1.jpg",
    "description": "The aging patriarch of an organized crime dynasty transfers control of his clandestine empire to his reluctant son.",
    "actors": ["Marlon Brando", "Al Pacino", "James Caan"],
    "directors": ["Francis Ford Coppola"]
  },
{
    "id": 3,
    "title": "The Dark Knight",
    "year": 2008,
    "genre": "Action",
    "rating": 9.0,
    "poster_url": "https://upload.wikimedia.org/wikipedia/en/8/8a/Dark_Knight.jpg",
    "description": "When the menace known as the Joker emerges from his mysterious past, he wreaks havoc and chaos on the people of Gotham. The Dark Knight must accept one of the greatest psychological and physical tests of his ability to fight injustice.",
    "actors": ["Christian Bale", "Heath Ledger", "Aaron Eckhart"],
    "directors": ["Christopher Nolan"]
  },
  {
    "id": 4,
    "title": "Pulp Fiction",
    "year": 1994,
    "genre": "Crime",
    "rating": 8.9,
    "poster_url": "https://upload.wikimedia.org/wikipedia/en/thumb/8/82/Pulp_Fiction_cover.jpg/220px-Pulp_Fiction_cover.jpg",
    "description": "The lives of two mob hitmen, a boxer, a gangster and his wife, and a pair of diner bandits intertwine in four tales of violence and redemption.",
    "actors": ["John Travolta", "Samuel L. Jackson", "Uma Thurman"],
    "directors": ["Quentin Tarantino"]
  },
  {
    "id": 5,
    "title": "The Lord of the Rings: The Return of the King",
    "year": 2003,
    "genre": "Adventure",
    "rating": 8.9,
    "poster_url": "https://upload.wikimedia.org/wikipedia/en/thumb/9/9d/ReturnOfTheKing.jpg/220px-ReturnOfTheKing.jpg",
    "description": "Gandalf and Aragorn lead the World of Men against Sauron's army to draw his gaze from Frodo and Sam as they approach Mount Doom with the One Ring.",
    "actors": ["Elijah Wood", "Viggo Mortensen", "Ian McKellen"],
    "directors": ["Peter Jackson"]
  },

  {
    "id": 6,
    "title": "Forrest Gump",
    "year": 1994,
    "genre": "Drama",
    "rating": 8.8,
    "poster_url": "https://upload.wikimedia.org/wikipedia/en/6/67/Forrest_Gump_poster.jpg",
    "description": "The presidencies of Kennedy and Johnson, the Vietnam War, the Watergate scandal, and other historical events unfold from the perspective of an Alabama man with an IQ of 75, whose only desire is to be reunited with his childhood sweetheart.",
    "actors": ["Tom Hanks", "Robin Wright", "Gary Sinise"],
    "directors": ["Robert Zemeckis"]
  },
  {
    "id": 7,
    "title": "Inception",
    "year": 2010,
    "genre": "Sci-Fi",
    "rating": 8.8,
    "poster_url": "https://upload.wikimedia.org/wikipedia/en/thumb/7/7f/Inception_ver3.jpg/220px-Inception_ver3.jpg",
    "description": "A thief who steals corporate secrets through the use of dream-sharing technology is given the inverse task of planting an idea into the mind of a C.E.O.",
    "actors": ["Leonardo DiCaprio", "Joseph Gordon-Levitt", "Elliot Page"],
    "directors": ["Christopher Nolan"]
  },
  {
    "id": 8,
    "title": "Fight Club",
    "year": 1999,
    "genre": "Drama",
    "rating": 8.8,
    "poster_url": "https://upload.wikimedia.org/wikipedia/en/thumb/f/fc/Fight_Club_poster.jpg/220px-Fight_Club_poster.jpg",
    "description": "An insomniac office worker and a devil-may-care soapmaker form an underground fight club that evolves into much more.",
    "actors": ["Edward Norton", "Brad Pitt", "Helena Bonham Carter"],
    "directors": ["David Fincher"]
  },
  {
    "id": 9,
    "title": "The Matrix",
    "year": 1999,
    "genre": "Sci-Fi",
    "rating": 8.7,
    "poster_url": "https://upload.wikimedia.org/wikipedia/en/thumb/c/c1/The_Matrix_Poster.jpg/220px-The_Matrix_Poster.jpg",
    "description": "A computer hacker learns from mysterious rebels about the true nature of his reality and his role in the war against its controllers.",
    "actors": ["Keanu Reeves", "Laurence Fishburne", "Carrie-Anne Moss"],
    "directors": ["Lana Wachowski", "Lilly Wachowski"]
  },
  {
    "id": 10,
    "title": "Schindler's List",
    "year": 1993,
    "genre": "Biography",
    "rating": 8.9,
    "poster_url": "https://upload.wikimedia.org/wikipedia/en/3/38/Schindler%27s_List_movie.jpg",
    "description": "In German-occupied Poland during World War II, industrialist Oskar Schindler gradually becomes concerned for his Jewish workforce after witnessing their persecution by the Nazis.",
    "actors": ["Liam Neeson", "Ralph Fiennes", "Ben Kingsley"],
    "directors": ["Steven Spielberg"]
  }
]
